Id,Player,Year,Draft pick,Height (No Shoes),Height (With Shoes),Wingspan,Standing reach,Vertical (Max),Vertical (Max Reach),Vertical (No Step),Vertical (No Step Reach),Weight,Body Fat,Hand (Length),Hand (Width),Agility,Sprint
0,Blake Griffin,2009,1.00,80.50,82.00,83.25,105.00,35.50,140.50,32.00,137.00,248.00,8.20,8.50,9.50,10.95,3.28
1,Terrence Williams,2009,11.00,77.00,78.25,81.00,103.50,37.00,140.50,30.50,134.00,213.00,5.10,8.50,9.50,11.15,3.18
2,Gerald Henderson,2009,12.00,76.00,77.00,82.25,102.50,35.00,137.50,31.50,134.00,215.00,4.40,8.50,9.50,11.17,3.14
3,Tyler Hansbrough,2009,13.00,80.25,81.50,83.50,106.00,34.00,140.00,27.50,133.50,234.00,8.50,8.50,9.50,11.12,3.27
4,Earl Clark,2009,14.00,80.50,82.25,86.50,109.50,33.00,142.50,28.50,138.00,228.00,5.20,8.50,9.50,11.17,3.35
5,Austin Daye,2009,15.00,81.75,82.75,86.75,110.00,28.00,138.00,25.00,135.00,192.00,5.50,8.50,9.50,12.11,3.55
6,James Johnson,2009,16.00,79.00,79.75,84.75,105.50,35.00,140.50,30.50,136.00,257.00,12.00,8.50,9.50,11.21,3.23
7,Jrue Holiday,2009,17.00,75.25,76.25,79.00,100.50,34.00,134.50,28.50,129.00,199.00,6.30,8.50,9.50,10.64,3.21
8,Ty Lawson,2009,18.00,71.25,72.50,72.75,94.50,36.50,131.00,29.00,123.50,197.00,6.60,8.50,9.50,10.98,3.12
9,Jeff Teague,2009,19.00,72.25,73.50,79.50,98.50,36.50,135.00,30.50,129.00,175.00,4.50,8.50,9.50,11.05,3.18
10,Hasheem Thabeet,2009,2.00,85.25,86.50,90.25,113.00,35.50,138.17,29.58,132.62,267.00,6.70,8.50,9.50,11.33,3.30
11,Eric Maynor,2009,20.00,74.25,75.25,74.50,97.00,31.50,128.50,28.50,125.50,164.00,5.40,8.50,9.50,10.78,3.19
12,Darren Collison,2009,21.00,72.25,73.50,75.00,96.50,33.50,130.00,30.50,127.00,166.00,5.70,8.50,9.50,10.45,3.10
13,Omri Casspi,2009,23.00,79.75,81.25,81.25,106.50,32.50,139.00,25.50,132.00,211.00,8.60,8.50,9.50,11.15,3.28
14,Byron Mullens,2009,24.00,83.75,85.25,85.50,111.00,32.50,143.50,28.50,139.50,258.00,8.50,8.50,9.50,11.10,3.45
15,Damion James,2009,24.00,78.25,79.50,84.75,106.00,37.00,143.00,30.00,136.00,224.00,8.20,9.25,8.50,11.23,3.09
16,Rodrigue Beaubois,2009,25.00,73.25,74.25,81.75,100.00,39.00,139.00,29.50,129.50,182.00,7.90,8.50,9.50,10.49,3.15
17,Taj Gibson,2009,26.00,80.50,81.75,88.00,109.00,30.00,139.00,25.50,134.50,214.00,6.60,8.50,9.50,11.56,3.41
18,DeMarre Carroll,2009,27.00,78.25,79.75,82.00,105.00,35.50,138.17,29.58,132.62,207.00,6.30,8.50,9.50,11.33,3.30
19,Greivis Vasquez,2009,28.00,76.75,78.00,79.25,101.00,28.00,129.00,24.50,125.50,197.00,6.90,7.75,9.25,11.13,3.48
20,Wayne Ellington,2009,28.00,76.25,77.25,78.50,100.00,38.00,138.00,31.50,131.50,202.00,5.50,8.50,9.50,11.14,3.20
21,Toney Douglas,2009,29.00,73.00,74.00,78.00,97.50,32.50,130.00,28.00,125.50,183.00,5.20,8.50,9.50,10.63,3.03
22,James Harden,2009,3.00,76.00,77.25,82.75,103.50,37.00,140.50,31.50,135.00,222.00,10.10,8.50,9.50,11.10,3.13
23,Jeff Pendergraph,2009,31.00,80.75,82.00,85.00,107.00,35.00,142.00,31.00,138.00,240.00,5.50,8.50,9.50,11.98,3.14
24,Jermaine Taylor,2009,32.00,75.50,76.75,80.75,101.00,37.50,138.50,34.00,135.00,207.00,5.80,8.50,9.50,11.54,3.32
25,Dante Cunningham,2009,33.00,79.00,80.25,83.00,106.50,35.00,141.50,28.00,134.50,227.00,4.80,8.50,9.50,11.18,3.26
26,DaJuan Summers,2009,35.00,79.25,80.50,84.75,106.50,34.50,141.00,29.50,136.00,243.00,6.60,8.50,9.50,10.94,3.17
27,Sam Young,2009,36.00,77.25,78.75,82.75,105.50,33.00,138.50,27.50,133.00,223.00,4.90,8.50,9.50,11.47,3.45
28,DeJuan Blair,2009,37.00,77.25,78.50,86.00,106.50,33.00,139.50,26.00,132.50,277.00,12.00,8.50,9.50,11.50,3.45
29,Tyreke Evans,2009,4.00,76.00,77.25,83.25,104.00,34.00,138.00,28.50,132.50,221.00,7.10,8.50,9.50,11.81,3.17
30,Derrick Brown,2009,40.00,79.50,80.50,86.50,107.50,35.50,143.00,30.50,138.00,225.00,8.60,8.50,9.50,11.26,3.13
31,Jodie Meeks,2009,41.00,75.00,76.00,76.50,98.00,37.00,135.00,28.50,126.50,211.00,8.00,8.50,9.50,10.96,3.10
32,Marcus Thornton,2009,43.00,74.75,75.75,77.00,99.00,33.00,132.00,31.00,130.00,194.00,4.80,8.50,9.50,10.73,3.28
33,Chase Budinger,2009,44.00,78.25,79.00,79.00,101.00,38.50,139.50,29.50,130.50,206.00,10.00,8.50,9.50,11.08,3.24
34,Danny Green,2009,46.00,77.25,78.50,82.00,103.00,33.00,136.00,29.00,132.00,208.00,5.60,8.50,9.50,11.30,3.30
35,Gani Lawal,2009,46.00,79.75,81.00,84.00,106.00,34.50,140.50,30.00,136.00,229.00,7.20,8.50,10.00,11.93,3.34
36,Jack McClinton,2009,51.00,71.75,72.75,74.50,96.00,36.50,132.50,30.00,126.00,185.00,6.20,8.50,9.50,10.44,3.21
37,A.J. Price,2009,52.00,72.50,74.00,75.75,97.00,31.00,128.00,26.00,123.00,193.00,12.40,8.50,9.50,10.99,3.22
38,Luke Harangody,2009,52.00,78.25,80.00,81.75,106.00,31.00,137.00,27.00,133.00,240.00,11.20,8.75,9.75,11.15,3.33
39,Patrick Mills,2009,55.00,71.25,72.50,74.00,95.00,33.00,128.00,27.50,122.50,175.00,6.90,8.50,9.50,10.87,3.10
40,Jonny Flynn,2009,6.00,71.25,72.75,76.00,95.50,40.00,135.50,33.00,128.50,196.00,6.30,8.50,9.50,10.86,3.23
41,Stephen Curry,2009,7.00,74.00,75.25,75.50,97.00,35.50,132.50,29.50,126.50,181.00,5.70,8.50,9.50,11.07,3.28
42,Jordan Hill,2009,8.00,81.25,82.25,85.50,108.00,35.00,143.00,31.00,139.00,232.00,6.00,8.50,9.50,12.23,3.30
43,Demar DeRozan,2009,9.00,77.50,78.50,81.00,102.50,38.50,141.00,29.00,131.50,211.00,4.90,8.50,9.50,11.88,3.31
44,Dionte Christmas,2009,28.49,76.25,77.50,81.00,102.50,33.50,136.00,27.00,129.50,211.00,7.10,8.50,9.50,10.83,3.21
45,Jeff Adrien,2009,28.49,77.25,78.50,86.00,107.50,31.50,139.00,27.50,135.00,236.00,7.90,8.50,9.50,11.34,3.32
46,Jerel McNeal,2009,28.49,73.50,75.00,79.25,99.50,36.50,136.00,31.50,131.00,190.00,5.40,8.50,9.50,10.61,3.25
47,Joe Ingles,2009,28.49,79.75,80.25,82.25,105.00,31.00,136.00,26.00,131.00,209.00,10.10,8.50,9.50,10.66,3.30
48,Josh Heytvelt,2009,28.49,82.00,83.00,85.25,108.00,34.00,142.00,28.50,136.50,246.00,10.80,8.50,9.50,11.67,3.38
49,Tyler Smith,2009,28.49,77.25,78.00,81.75,104.50,33.50,138.00,29.00,133.50,212.00,7.00,8.50,9.50,10.69,3.24
50,John Wall,2010,1.00,74.75,76.00,81.25,101.50,39.00,140.50,30.00,131.50,196.00,5.60,8.25,9.50,10.84,3.14
51,Paul George,2010,10.00,79.75,80.75,83.25,107.00,35.50,138.17,29.58,132.62,214.00,5.00,8.50,9.00,11.33,3.30
52,Cole Aldrich,2010,11.00,81.00,83.25,88.75,111.50,28.00,139.50,23.00,134.50,236.00,8.50,9.00,9.25,11.48,3.35
53,Xavier Henry,2010,12.00,77.25,78.50,83.25,105.00,36.50,141.50,28.50,133.50,210.00,4.70,8.75,10.00,11.10,3.18
54,Ed Davis,2010,13.00,81.00,81.75,84.00,108.00,36.00,144.00,31.00,139.00,227.00,10.00,9.25,10.00,11.70,3.21
55,Patrick Patterson,2010,14.00,80.00,81.25,85.25,107.00,33.50,140.50,28.50,135.50,240.00,5.30,9.25,10.25,11.14,3.25
56,Larry Sanders,2010,15.00,81.25,82.50,89.75,112.00,28.00,140.00,25.50,137.50,222.00,4.60,9.75,11.00,12.49,3.27
57,Luke Babbitt,2010,16.00,79.50,80.75,83.25,104.50,37.50,142.00,29.50,134.00,218.00,5.60,8.50,10.00,10.98,3.40
58,Eric Bledsoe,2010,18.00,72.25,73.50,79.50,98.00,35.50,138.17,29.58,132.62,192.00,5.60,8.50,9.75,11.33,3.30
59,Avery Bradley,2010,19.00,74.00,75.25,79.25,98.50,37.50,136.00,31.50,130.00,180.00,4.00,8.25,9.50,11.47,3.14
60,Evan Turner,2010,2.00,77.75,79.00,80.00,103.50,34.50,138.00,27.50,131.00,214.00,8.60,8.75,9.50,11.06,3.27
61,James Anderson,2010,20.00,76.75,77.75,80.50,104.00,35.50,139.50,30.00,134.00,208.00,7.90,9.00,7.00,11.86,3.19
62,Craig Brackins,2010,21.00,80.50,81.75,84.00,109.00,35.00,144.00,26.00,135.00,229.00,7.90,9.50,11.25,11.65,3.39
63,Trevor Booker,2010,23.00,78.25,79.50,81.75,106.00,36.00,142.00,31.00,137.00,236.00,7.30,9.00,9.50,11.15,3.10
64,Dominique Jones,2010,25.00,75.25,77.00,81.25,101.00,32.50,133.50,26.00,127.00,216.00,5.90,9.00,10.25,10.88,3.31
65,Jordan Crawford,2010,27.00,75.00,76.50,79.00,101.00,34.50,135.50,31.50,132.50,198.00,4.90,8.00,9.00,11.03,3.37
66,Daniel Orton,2010,29.00,80.75,81.50,88.25,110.50,30.50,141.00,24.00,134.50,269.00,13.80,8.50,9.75,12.32,3.39
67,Derrick Favors,2010,3.00,80.75,82.25,88.00,110.00,35.50,145.50,31.50,141.50,245.00,6.50,8.75,9.25,11.74,3.25
68,Lazar Hayward,2010,30.00,76.50,77.75,84.75,102.00,36.00,138.00,31.00,133.00,226.00,7.50,9.25,9.50,10.87,3.31
69,Dexter Pittman,2010,32.00,81.50,83.50,90.00,111.00,35.50,138.17,29.58,132.62,303.00,20.80,10.25,10.50,11.33,3.30
70,Hassan Whiteside,2010,33.00,82.50,83.50,91.00,113.00,31.50,144.50,27.00,140.00,227.00,5.50,8.25,10.25,11.83,3.54
71,Armon Johnson,2010,34.00,74.00,75.25,80.00,99.50,38.50,138.00,31.50,131.00,195.00,5.60,8.25,9.25,11.25,3.19
72,Terrico White,2010,36.00,75.75,77.00,81.00,101.00,40.00,141.00,31.00,132.00,203.00,3.70,9.00,10.50,11.38,3.15
73,Darington Hobson,2010,37.00,77.25,78.50,81.25,104.50,34.00,138.50,29.00,133.50,204.00,6.20,8.25,9.00,11.68,3.25
74,Andy Rautins,2010,38.00,76.25,77.00,79.00,100.00,30.50,130.50,23.50,123.50,192.00,6.20,8.00,9.75,11.27,3.49
75,Wesley Johnson,2010,4.00,78.25,79.25,85.00,106.00,37.00,143.00,32.00,138.00,206.00,4.60,9.00,9.50,11.43,3.14
76,Lance Stephenson,2010,40.00,76.50,77.75,82.50,103.00,33.00,136.00,27.00,130.00,227.00,9.30,9.00,10.25,11.39,3.38
77,Jarvis Varnado,2010,41.00,80.25,82.00,87.50,109.50,32.50,142.00,29.50,139.00,210.00,9.50,9.25,9.50,11.61,3.37
78,Devin Ebanks,2010,43.00,79.00,80.25,84.25,107.50,32.00,139.50,23.50,131.00,208.00,7.90,8.25,9.00,11.69,3.44
79,Jerome Jordan,2010,44.00,83.50,84.75,89.25,113.00,35.50,138.17,29.58,132.62,244.00,6.90,9.00,10.25,11.33,3.30
80,Tiny Gallon,2010,47.00,80.50,81.50,88.50,109.50,28.50,138.00,23.50,133.00,302.00,15.10,9.25,10.50,13.44,3.70
81,Ryan Richards,2010,49.00,82.50,83.75,85.50,110.00,28.50,138.50,25.00,135.00,230.00,8.00,9.00,9.75,11.33,3.37
82,DeMarcus Cousins,2010,5.00,81.50,82.75,89.75,113.00,27.50,140.50,23.50,136.50,292.00,16.40,9.25,10.00,11.40,3.55
83,Solomon Alabi,2010,50.00,83.50,84.75,89.00,113.00,26.00,139.00,22.50,135.50,237.00,5.00,9.25,9.25,13.20,3.68
84,Willie Warren,2010,54.00,74.50,75.75,78.00,99.50,31.50,131.00,23.00,122.50,208.00,7.60,8.50,9.50,11.21,3.50
85,Derrick Caracter,2010,58.00,80.25,81.50,84.25,107.25,30.50,137.75,25.00,132.25,280.00,12.80,9.00,10.25,12.78,3.61
86,Stanley Robinson,2010,59.00,78.50,79.75,84.00,107.50,37.50,145.00,29.58,132.62,213.00,8.30,9.00,9.00,11.65,3.23
87,Ekpe Udoh,2010,6.00,80.75,81.75,88.50,106.50,33.50,140.00,31.00,137.50,237.00,8.00,9.50,8.75,11.15,3.29
88,Greg Monroe,2010,7.00,81.75,83.00,86.25,108.50,29.00,137.50,25.00,133.50,247.00,11.20,8.75,9.50,12.10,3.35
89,Al-Farouq Aminu,2010,8.00,79.25,80.50,87.25,108.50,33.50,142.00,27.00,135.50,216.00,8.20,9.50,9.50,11.29,3.30
90,Gordon Hayward,2010,9.00,78.75,80.00,79.75,103.00,34.50,137.50,30.50,133.50,211.00,6.90,8.50,9.25,11.73,3.22
91,Artsiom Parakhouski,2010,28.49,82.25,83.75,85.00,109.50,26.50,136.00,25.50,135.00,268.00,6.00,9.00,10.50,12.07,3.33
92,Charles Garcia,2010,28.49,80.25,81.25,85.75,107.50,30.50,138.00,24.50,132.00,232.00,7.00,8.75,9.00,11.65,3.23
93,Jon Scheyer,2010,28.49,76.75,78.00,75.25,99.00,35.50,138.17,29.58,132.62,180.00,5.40,7.75,9.50,11.33,3.30
94,Manny Harris,2010,28.49,76.00,77.50,79.25,102.00,35.50,138.17,29.58,132.62,185.00,3.80,8.50,9.00,11.33,3.30
96,Sherron Collins,2010,28.49,70.25,71.75,74.50,94.00,33.00,127.00,27.50,121.50,217.00,9.20,8.50,9.50,12.31,3.24
97,Sylven Landesberg,2010,28.49,76.75,78.25,81.00,100.50,32.00,132.50,28.00,128.50,210.00,11.60,8.75,10.75,11.59,3.36
98,Jimmer Fredette,2011,10.00,72.75,74.50,76.50,96.50,33.00,129.50,28.00,124.50,196.00,7.70,8.00,8.50,10.42,3.21
99,Klay Thompson,2011,11.00,77.75,79.25,81.00,103.50,31.50,135.00,26.50,130.00,206.00,8.00,8.75,9.25,10.99,3.24
100,Alec Burks,2011,12.00,77.00,78.00,82.00,103.50,36.00,139.50,29.00,132.50,193.00,5.10,9.00,8.25,10.96,3.17
101,Markieff Morris,2011,13.00,79.75,81.25,82.75,106.50,31.50,138.00,27.00,133.50,241.00,10.20,8.50,8.25,11.33,3.40
102,Marcus Morris,2011,14.00,79.00,80.75,82.00,105.50,33.00,138.50,29.00,134.50,230.00,8.00,8.25,8.50,11.33,3.15
103,Kawhi Leonard,2011,15.00,78.00,79.00,87.00,106.00,32.00,138.00,25.50,131.50,227.00,5.40,9.75,11.25,11.45,3.15
104,Nikola Vucevic,2011,16.00,82.25,83.75,88.50,112.50,25.00,137.50,23.50,136.00,260.00,6.10,9.25,10.25,12.02,3.27
105,Iman Shumpert,2011,17.00,76.25,77.50,81.50,99.50,42.00,141.50,36.50,136.00,222.00,6.50,9.00,9.00,11.10,3.18
106,Chris Singleton,2011,18.00,79.75,81.00,85.00,103.50,37.50,141.00,30.50,134.00,230.00,7.40,9.25,10.00,11.33,3.09
107,Tobias Harris,2011,19.00,78.50,79.75,83.00,103.50,37.50,141.00,31.50,135.00,223.00,8.40,8.75,9.00,10.96,3.17
108,Derrick Williams,2011,2.00,79.25,80.75,85.50,108.00,34.50,142.50,29.00,137.00,248.00,10.80,9.00,9.75,11.03,3.23
109,Nolan Smith,2011,21.00,73.50,75.50,77.50,99.00,34.00,133.00,28.50,127.50,188.00,5.60,8.50,9.25,11.05,3.17
110,Kenneth Faried,2011,22.00,78.00,79.50,84.00,108.00,35.00,143.00,30.50,138.50,225.00,6.30,8.50,10.25,11.35,3.26
111,Marshon Brooks,2011,25.00,76.25,77.25,85.00,101.00,38.50,139.50,34.00,135.00,195.00,5.20,9.00,10.50,10.74,3.09
112,Jordan Hamilton,2011,26.00,78.75,80.50,81.50,104.00,32.00,136.00,25.00,129.00,228.00,9.80,9.00,9.25,11.47,3.30
113,JaJuan Johnson (Purdue),2011,27.00,81.00,82.00,86.00,107.50,38.00,145.50,33.50,141.00,220.00,7.50,9.00,10.00,11.21,3.14
114,Norris Cole,2011,28.00,72.25,73.75,74.25,95.50,38.50,134.00,29.50,125.00,174.00,4.70,8.50,9.50,10.07,3.22
115,Cory Joseph,2011,29.00,74.00,75.25,77.50,99.00,35.00,134.00,27.50,126.50,186.00,9.70,8.50,10.50,10.75,3.27
116,Enes Kanter,2011,3.00,81.75,83.25,85.50,109.50,32.50,142.00,26.00,135.50,259.00,5.90,9.50,10.75,11.30,3.26
117,Jimmy Butler,2011,30.00,78.00,79.75,79.50,101.50,39.00,140.50,32.00,133.50,222.00,5.40,9.00,9.00,11.92,3.15
118,Justin Harper,2011,32.00,80.00,80.75,83.75,106.00,33.00,139.00,28.50,134.50,228.00,4.00,9.00,9.25,11.92,3.30
119,Kyle Singler,2011,33.00,79.50,80.50,82.10,106.00,30.00,136.00,23.00,129.00,228.00,10.00,8.25,8.75,11.22,3.21
120,Shelvin Mack,2011,34.00,73.00,74.50,79.50,96.50,39.00,135.50,32.00,128.50,209.00,7.10,8.25,9.25,11.23,3.18
121,Tyler Honeycutt,2011,35.00,78.75,80.25,81.00,105.00,37.00,142.00,30.00,135.00,187.00,5.30,8.50,9.50,11.68,3.07
122,Jordan Williams,2011,36.00,79.75,81.00,84.25,106.50,30.50,137.00,25.00,131.50,247.00,12.10,9.25,10.00,12.74,3.45
123,Trey Thompkins,2011,37.00,80.50,81.75,85.00,107.50,30.50,138.00,27.50,135.00,239.00,15.50,9.25,9.75,11.72,3.41
124,Chandler Parsons,2011,38.00,80.75,81.75,81.50,104.50,31.50,136.00,25.50,130.00,221.00,7.00,8.25,10.00,11.05,3.29
125,Jeremy Tyler,2011,39.00,81.00,82.50,89.00,110.50,33.50,144.00,28.00,138.50,262.00,13.40,9.25,9.00,11.26,3.29
126,Tristan Thompson,2011,4.00,79.50,80.75,85.25,108.50,35.00,143.50,30.00,138.50,227.00,6.20,8.75,9.25,10.92,3.26
127,Jon Leuer,2011,40.00,82.00,83.50,84.00,105.50,36.50,142.00,29.50,135.00,223.00,5.40,8.75,9.75,10.82,3.36
128,Darius Morris,2011,41.00,75.25,77.25,79.50,102.00,32.00,134.00,24.50,126.50,190.00,5.30,8.75,10.00,11.00,3.20
129,Malcolm Lee,2011,43.00,76.00,77.50,81.75,101.50,35.50,137.00,30.00,131.50,198.00,5.90,8.50,9.50,11.20,3.09
130,Charles Jenkins,2011,44.00,73.50,75.25,79.50,96.50,34.00,130.50,29.50,126.00,216.00,4.30,8.50,9.00,11.68,3.18
131,Andrew Goudelock,2011,46.00,73.25,74.75,76.25,96.50,37.00,133.50,32.50,129.00,198.00,9.90,8.25,9.25,10.33,3.10
132,Travis Leslie,2011,47.00,75.00,76.25,82.50,103.00,40.50,143.50,33.00,136.00,205.00,8.10,8.75,9.25,11.00,3.13
133,Keith Benson,2011,48.00,82.00,83.00,87.75,109.50,36.00,145.50,31.50,141.00,217.00,6.10,9.50,11.00,11.88,3.35
134,Josh Selby,2011,49.00,73.75,75.00,77.25,98.00,42.00,140.00,29.50,127.50,195.00,7.90,8.50,9.00,11.13,3.20
135,Jon Diebler,2011,51.00,77.25,78.50,78.00,99.00,35.00,134.00,28.00,127.00,197.00,8.50,8.25,8.25,10.94,3.37
136,DeAndre Liggins,2011,53.00,77.00,78.25,83.00,103.50,31.00,134.50,27.00,130.50,202.00,5.00,8.75,10.00,11.33,3.33
137,E'Twaun Moore,2011,55.00,74.50,76.00,81.50,99.50,34.50,134.00,32.00,131.50,191.00,7.60,9.00,10.00,11.12,3.31
138,Isaiah Thomas,2011,60.00,68.75,70.25,73.75,91.50,40.00,131.50,31.50,123.00,186.00,6.70,8.25,9.00,10.49,3.14
139,Brandon Knight,2011,8.00,73.50,75.25,78.75,98.50,37.50,136.00,29.00,127.50,177.00,4.20,8.25,9.50,10.74,3.07
140,Kemba Walker,2011,9.00,71.50,73.00,75.50,91.50,39.50,131.00,32.00,123.50,184.00,5.90,8.00,9.00,10.87,3.16
141,David Lighty,2011,28.49,76.75,78.50,80.00,101.00,33.00,134.00,28.50,129.50,216.00,6.50,9.00,10.00,10.81,3.25
142,Demetri McCamey,2011,28.49,73.75,75.25,78.25,99.50,33.00,132.50,27.00,126.50,204.00,6.10,8.50,9.00,11.55,3.19
143,Greg Smith,2011,28.49,80.00,81.25,86.50,106.50,36.00,142.50,29.50,136.00,253.00,7.40,9.75,12.00,12.43,3.36
144,Jamie Skeen,2011,28.49,78.50,80.00,85.25,106.50,30.50,137.00,26.00,132.50,242.00,9.80,8.50,8.50,12.43,3.46
145,Jereme Richmond,2011,28.49,78.00,79.25,82.25,106.50,33.50,140.00,27.00,133.50,207.00,5.50,8.75,9.50,11.74,3.02
146,LaceDarius Dunn,2011,28.49,75.00,76.00,78.25,101.00,31.00,132.00,26.50,127.50,188.00,5.50,9.00,10.25,11.45,3.27
147,Malcolm Thomas,2011,28.49,79.50,80.75,84.50,107.50,36.50,144.00,32.00,139.50,223.00,5.90,9.50,10.50,11.31,3.29
148,Michael Dunigan,2011,28.49,80.50,82.00,87.25,107.50,34.50,142.00,29.50,137.00,238.00,8.00,9.00,10.75,11.85,3.27
149,Rick Jackson,2011,28.49,80.25,81.25,86.00,106.50,33.00,139.50,28.50,135.00,242.00,8.30,8.75,9.50,11.51,3.26
150,Scotty Hopson,2011,28.49,77.75,78.50,82.50,103.50,36.00,139.50,32.50,136.00,205.00,4.80,8.50,10.00,10.47,3.18
151,Anthony Davis,2012,1.00,81.25,82.50,89.50,108.00,35.50,138.17,29.58,132.62,222.00,7.90,9.00,8.50,11.33,3.30
152,Austin Rivers,2012,10.00,75.50,77.00,79.25,96.50,37.50,134.00,32.50,129.00,203.00,6.20,8.50,10.00,11.54,3.32
153,Meyers Leonard,2012,11.00,83.75,85.25,87.00,108.00,32.50,140.50,30.00,138.00,250.00,5.70,9.25,11.00,11.34,3.41
154,Jeremy Lamb,2012,12.00,76.00,77.25,83.00,102.00,38.00,140.00,31.50,133.50,179.00,4.50,8.75,9.25,10.98,3.25
155,Kendall Marshall,2012,13.00,75.25,76.25,77.50,96.00,37.00,133.00,31.00,127.00,198.00,7.80,8.50,9.00,12.03,3.23
156,John Henson,2012,14.00,81.00,82.50,89.00,112.00,30.00,142.00,25.50,137.50,216.00,8.60,9.25,10.00,11.33,3.30
157,Moe Harkless,2012,15.00,79.25,80.75,84.00,102.50,37.00,139.50,32.50,135.00,207.00,5.30,9.25,10.25,10.87,3.25
158,Royce White,2012,16.00,79.00,80.00,84.00,104.50,35.50,138.17,29.58,132.62,261.00,10.60,9.50,11.50,11.33,3.30
159,Tyler Zeller,2012,17.00,83.25,84.50,84.00,104.50,34.00,138.50,30.00,134.50,247.00,6.40,9.00,9.75,11.13,3.40
160,Terrence Jones,2012,18.00,80.25,81.50,86.25,107.00,34.50,141.50,29.50,136.50,252.00,7.70,9.00,10.00,11.57,3.40
161,Andrew Nicholson,2012,19.00,80.50,81.50,88.00,107.00,30.50,137.50,28.50,135.50,234.00,7.60,10.00,10.75,11.89,3.67
162,Michael Kidd-Gilchrist,2012,2.00,77.75,79.50,84.00,104.50,35.50,140.00,32.00,136.50,233.00,7.00,9.00,10.25,11.77,3.18
163,Jared Sullinger,2012,21.00,79.75,81.00,85.25,105.50,31.00,136.50,29.50,135.00,268.00,10.70,9.25,9.75,12.77,3.81
164,Fab Melo,2012,22.00,82.75,84.00,86.50,110.00,31.00,141.00,29.50,139.50,255.00,9.20,9.00,10.00,12.14,3.44
165,John Jenkins,2012,23.00,75.25,76.25,80.50,98.00,36.50,134.50,30.50,128.50,212.00,7.10,9.00,9.00,11.36,3.37
166,Jared Cunningham,2012,24.00,75.50,77.00,78.50,98.00,35.50,138.17,29.58,132.62,188.00,3.60,8.25,9.00,11.33,3.30
167,Tony Wroten,2012,25.00,76.75,78.00,81.00,101.00,35.50,136.50,30.00,131.00,203.00,5.20,8.00,9.00,10.75,3.24
168,Miles Plumlee,2012,26.00,82.50,83.75,84.75,105.50,40.50,146.00,34.00,139.50,252.00,11.40,9.25,9.00,10.64,3.36
169,Arnett Moultrie,2012,27.00,81.50,82.75,86.25,106.50,37.50,144.00,33.50,140.00,233.00,7.70,9.25,9.25,11.32,3.22
170,Perry Jones,2012,28.00,82.25,83.25,85.75,107.00,38.50,145.50,33.00,140.00,234.00,4.60,9.25,9.50,11.31,3.19
171,Marquis Teague,2012,29.00,73.00,74.00,79.25,96.50,40.50,137.00,32.50,129.00,180.00,6.30,8.25,7.75,10.65,3.19
172,Bradley Beal,2012,3.00,75.25,76.75,80.00,100.00,39.00,139.00,33.00,133.00,202.00,6.00,8.50,9.00,10.95,3.28
173,Festus Ezeli,2012,30.00,81.75,83.50,89.75,108.00,33.50,141.50,34.00,142.00,264.00,5.50,9.00,10.75,12.35,3.29
174,Jeff Taylor,2012,31.00,78.00,79.25,78.25,101.50,40.00,141.50,33.50,135.00,213.00,4.20,8.25,9.75,10.87,3.29
175,Tomas Satoransky,2012,32.00,78.50,79.50,79.25,100.00,35.50,138.17,29.58,132.62,201.00,5.20,8.50,9.50,11.33,3.30
176,Bernard James,2012,33.00,80.75,82.00,87.00,108.50,32.50,141.00,30.00,138.50,230.00,5.00,9.00,9.25,11.84,3.40
177,Jae Crowder,2012,34.00,76.75,78.50,81.25,99.50,34.50,134.00,31.00,130.50,241.00,9.00,9.50,10.50,11.45,3.37
178,Draymond Green,2012,35.00,77.75,79.50,85.25,105.00,33.00,138.00,28.00,133.00,236.00,11.30,9.00,9.50,11.01,3.40
179,Orlando Johnson,2012,36.00,75.75,77.25,83.25,99.00,39.50,138.50,32.00,131.00,224.00,7.00,9.00,9.50,10.98,3.25
180,Quincy Acy,2012,37.00,78.50,79.75,86.75,106.50,37.00,143.50,32.00,138.50,224.00,7.10,9.50,11.00,10.48,3.28
181,Quincy Miller,2012,38.00,80.75,82.00,85.25,105.00,36.00,141.00,30.50,135.50,219.00,7.80,9.25,10.25,11.05,3.48
182,Khris Middleton,2012,39.00,78.75,80.25,82.75,103.00,31.00,134.00,28.00,131.00,216.00,7.80,9.00,9.00,11.45,3.47
183,Dion Waiters,2012,4.00,74.50,76.00,79.25,98.00,35.50,138.17,29.58,132.62,221.00,8.50,8.50,9.50,11.33,3.30
184,Will Barton,2012,40.00,77.00,78.00,81.75,102.50,34.00,136.50,30.00,132.50,174.00,4.10,9.00,9.50,12.50,3.60
185,Tyshawn Taylor,2012,41.00,74.75,76.00,78.25,97.50,36.50,134.00,32.00,129.50,177.00,4.20,8.75,8.75,11.48,3.20
186,Doron Lamb,2012,42.00,75.25,76.75,78.75,98.50,33.50,132.00,29.00,127.50,199.00,6.70,8.50,8.75,11.12,3.41
187,Mike Scott,2012,43.00,79.25,80.75,82.75,104.00,32.50,136.50,27.00,131.00,241.00,10.60,8.50,9.00,11.59,3.44
188,Kim English,2012,44.00,76.50,77.75,78.50,98.00,36.50,134.50,29.00,127.00,192.00,4.30,8.50,8.75,10.59,3.33
189,Darius Miller,2012,46.00,78.00,79.50,81.00,101.00,37.00,138.00,33.00,134.00,233.00,7.50,8.50,8.75,11.34,3.31
190,Kevin Murphy,2012,47.00,77.00,78.25,78.75,99.00,36.50,135.50,31.00,130.00,194.00,5.80,8.50,8.50,10.97,3.42
191,Kyle O'Quinn,2012,49.00,80.50,82.00,88.75,106.50,31.50,138.00,31.50,138.00,241.00,8.00,9.50,10.00,11.65,3.53
192,Thomas Robinson,2012,5.00,79.75,80.75,87.25,106.00,35.50,141.50,28.50,134.50,244.00,5.00,9.75,10.50,11.96,3.17
193,Kris Joseph,2012,51.00,78.00,79.00,83.00,104.00,35.00,139.00,28.50,132.50,215.00,8.60,9.00,9.00,11.33,3.46
194,Darius Johnson-Odom,2012,55.00,73.50,75.00,79.00,96.00,41.50,137.50,33.50,129.50,212.00,7.00,8.75,8.75,10.76,3.21
195,Robbie Hummel,2012,58.00,79.25,80.50,80.50,102.00,30.00,132.00,27.50,129.50,218.00,9.40,8.50,9.50,11.56,3.41
196,Marcus Denmon,2012,59.00,74.25,75.25,77.00,94.50,40.00,134.50,33.50,128.00,188.00,6.60,8.25,9.75,10.82,3.19
197,Damian Lillard,2012,6.00,73.75,74.75,79.75,95.50,39.50,135.00,34.50,130.00,189.00,5.90,8.75,9.75,11.15,3.34
198,Harrison Barnes,2012,7.00,79.00,80.00,83.25,101.50,39.50,141.00,38.00,139.50,228.00,9.60,9.00,8.50,10.93,3.16
199,Terrence Ross,2012,8.00,78.00,79.00,79.25,100.50,37.50,138.00,31.00,131.50,197.00,3.20,8.75,10.25,11.78,3.28
200,Andre Drummond,2012,9.00,81.75,83.75,90.25,109.50,33.50,143.00,31.50,141.00,279.00,7.50,9.50,9.50,10.83,3.39
201,Drew Gordon,2012,28.49,80.00,80.75,83.50,103.50,34.00,137.50,29.00,132.50,239.00,9.10,8.50,9.75,11.35,3.49
202,Henry Sims,2012,28.49,82.00,83.75,88.00,108.00,29.50,137.50,26.50,134.50,241.00,7.70,9.25,10.00,12.33,3.44
203,Hollis Thompson,2012,28.49,78.75,80.00,81.50,102.50,36.50,139.00,28.50,131.00,206.00,6.00,8.25,9.75,11.72,3.38
204,J'Covan Brown,2012,28.49,73.00,74.25,77.25,96.00,29.50,125.50,26.00,122.00,202.00,12.50,7.75,8.25,11.68,3.47
205,JaMychal Green,2012,28.49,80.00,81.00,86.25,106.50,32.50,139.00,29.50,136.00,217.00,9.80,9.25,9.25,10.63,3.38
206,Jordan Taylor,2012,28.49,73.00,74.00,75.00,92.50,36.50,129.00,33.00,125.50,193.00,5.50,8.25,9.50,10.57,3.19
207,Kevin Jones,2012,28.49,78.25,79.50,85.50,105.00,32.50,137.50,27.50,132.50,251.00,11.20,9.00,7.75,11.94,3.60
208,Scott Machado,2012,28.49,73.00,74.00,76.00,94.50,32.50,127.00,27.00,121.50,206.00,5.80,8.50,9.50,11.26,3.30
209,Tony Mitchell (Alabama),2012,28.49,77.25,78.25,82.00,100.00,40.00,140.00,31.50,131.50,216.00,5.70,8.50,10.00,11.72,3.47
210,Tu Holloway,2012,28.49,70.50,71.75,77.50,94.50,35.00,129.50,28.00,122.50,187.00,8.50,8.75,10.00,11.00,3.42
211,William Buford,2012,28.49,76.00,77.00,81.50,102.00,32.50,134.50,27.50,129.50,215.00,11.30,8.75,10.00,11.40,3.43
212,C.J. McCollum,2013,10.00,74.25,75.25,78.25,96.50,38.50,135.00,32.00,128.50,197.00,8.60,8.00,9.50,11.02,3.32
213,Michael Carter-Williams,2013,11.00,76.75,77.75,79.25,101.00,41.00,142.00,31.50,132.50,184.00,4.40,7.50,8.50,10.68,3.22
214,Steven Adams,2013,12.00,82.75,84.00,88.50,109.50,33.00,142.50,28.50,138.00,255.00,6.70,9.50,11.00,11.85,3.40
215,Kelly Olynyk,2013,13.00,82.75,84.00,81.75,108.00,29.50,137.50,24.50,132.50,234.00,6.70,8.50,10.00,11.42,3.59
216,Shabazz Muhammad,2013,14.00,76.75,78.25,83.00,104.50,37.00,141.50,29.50,134.00,222.00,9.00,9.00,10.00,10.99,3.32
217,Dennis Schroeder,2013,17.00,73.00,74.00,79.75,98.00,34.00,132.00,30.00,128.00,165.00,4.10,8.75,10.50,11.09,3.21
218,Shane Larkin,2013,18.00,70.25,71.50,70.75,89.50,44.00,133.50,34.50,124.00,171.00,3.80,7.50,8.75,10.64,3.08
219,Victor Oladipo,2013,2.00,75.25,76.25,81.25,100.50,42.00,142.50,33.00,133.50,213.00,6.60,8.75,9.25,10.69,3.25
220,Tony Snell,2013,20.00,78.00,79.25,83.50,105.50,36.50,142.00,30.00,135.50,198.00,4.90,9.00,9.50,10.36,3.25
221,Gorgui Dieng,2013,21.00,81.75,82.75,87.50,111.50,35.50,138.17,29.58,132.62,230.00,5.40,9.00,10.00,11.33,3.30
222,Mason Plumlee,2013,22.00,83.25,84.50,83.00,108.00,36.00,144.00,30.50,138.50,238.00,6.20,9.75,9.50,10.89,3.29
223,Solomon Hill,2013,23.00,77.50,79.00,81.00,103.00,37.50,140.50,29.50,132.50,226.00,7.60,9.00,10.50,10.77,3.19
224,Tim Hardaway Jr,2013,24.00,76.50,78.25,79.00,101.00,37.50,138.50,31.50,132.50,199.00,6.10,8.00,9.25,10.68,3.25
225,Reggie Bullock,2013,25.00,77.75,79.00,80.75,102.00,36.50,138.50,31.00,133.00,200.00,7.00,8.50,9.00,11.33,3.31
226,Andre Roberson,2013,26.00,78.25,79.00,83.00,104.50,36.50,141.00,30.00,134.50,206.00,7.10,8.75,9.50,11.36,3.34
227,Rudy Gobert,2013,27.00,84.50,86.00,92.50,115.00,29.00,144.00,25.00,140.00,238.00,4.40,9.75,10.00,12.85,3.57
228,Archie Goodwin,2013,29.00,75.75,77.25,81.50,102.00,36.00,138.00,30.00,132.00,189.00,4.60,8.50,9.00,10.75,3.27
229,Otto Porter,2013,3.00,79.50,80.50,85.50,105.50,36.00,141.50,27.00,132.50,198.00,6.70,8.75,9.25,11.25,3.40
230,Allen Crabbe,2013,31.00,77.25,78.25,83.25,103.50,36.00,139.50,30.50,134.00,197.00,4.70,8.25,8.50,10.67,3.32
231,Carrick Felix,2013,33.00,76.75,78.25,81.25,103.50,38.50,142.00,32.00,135.50,203.00,3.30,8.50,9.50,11.16,3.25
232,Isaiah Canaan,2013,34.00,71.00,72.00,76.50,94.50,40.50,135.00,33.00,127.50,188.00,5.90,8.25,9.50,10.98,3.22
233,Glen Rice,2013,35.00,76.50,77.75,81.25,101.50,40.50,142.00,33.00,134.50,211.00,8.50,8.50,9.00,10.99,3.25
234,Ray McCallum,2013,36.00,72.25,73.75,75.25,96.50,40.00,136.50,30.50,127.00,191.00,7.30,8.00,8.75,10.82,3.25
235,Tony Mitchell,2013,37.00,79.50,80.75,86.50,106.50,38.00,144.50,33.50,140.00,236.00,5.60,9.00,10.00,11.82,3.52
236,Nate Wolters,2013,38.00,75.50,76.75,75.75,98.00,35.50,138.17,29.58,132.62,196.00,5.50,8.25,8.75,11.33,3.30
237,Jeff Withey,2013,39.00,82.75,84.50,86.00,110.50,29.00,139.50,26.50,137.00,222.00,8.70,9.00,9.75,12.49,3.47
238,Cody Zeller,2013,4.00,82.75,84.25,82.75,106.00,37.50,143.50,35.50,141.50,230.00,4.80,8.50,10.50,10.82,3.15
239,Grant Jerrett,2013,40.00,80.75,82.25,86.00,109.00,34.00,143.00,28.50,137.50,232.00,10.10,8.50,9.25,11.85,3.51
240,Jamaal Franklin,2013,41.00,76.00,77.25,83.25,103.50,35.50,138.17,29.58,132.62,191.00,8.30,8.50,8.25,11.33,3.30
241,Pierre Jackson,2013,42.00,69.50,70.50,70.00,90.00,35.50,138.17,29.58,132.62,176.00,4.50,7.50,8.25,11.33,3.30
242,Ricky Ledo,2013,43.00,76.75,78.00,79.25,102.50,33.50,136.00,27.00,129.50,197.00,10.30,8.50,9.25,10.72,3.32
243,Mike Muscala,2013,44.00,82.25,83.50,85.00,108.00,33.50,141.50,28.00,136.00,230.00,6.80,8.50,9.00,11.76,3.44
244,Erick Green,2013,46.00,73.50,75.00,77.75,98.00,35.50,138.17,29.58,132.62,178.00,4.40,8.50,9.00,11.33,3.30
245,Ryan Kelly,2013,48.00,81.75,83.75,83.50,110.00,35.50,138.17,29.58,132.62,228.00,14.80,9.00,10.00,11.33,3.30
246,Erik Murphy,2013,49.00,80.75,81.50,82.50,108.00,29.50,137.50,24.50,132.50,240.00,8.00,8.75,9.75,12.19,3.57
247,James Ennis,2013,50.00,77.75,79.00,83.50,104.50,36.50,141.00,29.50,134.00,201.00,4.50,8.50,8.75,11.55,3.40
248,Lorenzo Brown,2013,52.00,76.00,77.25,79.00,100.00,34.00,134.00,28.00,128.00,189.00,4.00,8.25,8.50,11.78,3.40
249,Colton Iverson,2013,53.00,82.50,84.00,86.00,110.00,35.50,138.17,29.58,132.62,263.00,9.60,9.25,9.50,11.33,3.30
250,Peyton Siva,2013,56.00,71.50,73.00,75.00,93.00,41.50,134.50,33.50,126.50,181.00,6.10,8.00,9.75,10.59,3.16
251,Deshaun Thomas,2013,58.00,77.00,79.00,82.00,104.00,32.00,136.00,28.50,132.50,220.00,9.10,8.00,8.75,12.94,3.53
252,Nerlens Noel,2013,6.00,82.00,83.75,87.75,110.00,35.50,138.17,29.58,132.62,206.00,4.20,9.50,10.00,11.33,3.30
253,Ben McLemore,2013,7.00,75.50,76.75,79.75,100.50,42.00,142.50,32.50,133.00,189.00,5.00,8.75,9.50,11.87,3.27
254,Kentavious Caldwell-Pope,2013,8.00,76.50,77.50,80.00,100.50,34.50,135.00,29.00,129.50,204.00,6.50,8.50,9.00,10.60,3.12
255,Trey Burke,2013,9.00,71.75,73.25,77.50,97.50,36.50,134.00,29.50,127.00,187.00,6.90,8.25,8.75,11.20,3.16
256,Adonis Thomas,2013,28.49,76.75,77.75,85.00,99.00,40.50,139.50,34.50,133.50,232.00,7.50,9.25,9.50,11.66,3.32
257,B.J. Young,2013,28.49,74.25,75.50,80.25,99.00,35.50,138.17,29.58,132.62,179.00,4.70,8.50,9.50,11.33,3.30
258,Brandon Davies,2013,28.49,80.50,82.25,85.50,108.50,31.50,140.00,26.00,134.50,242.00,8.60,9.00,11.00,11.22,3.50
259,Brandon Paul,2013,28.49,74.75,76.00,82.25,98.00,39.50,137.50,33.50,131.50,201.00,5.30,8.50,9.50,11.16,3.37
260,C.J. Leslie,2013,28.49,79.50,80.75,86.25,104.50,40.50,145.00,32.50,137.00,209.00,8.00,8.75,9.00,10.19,3.10
261,DeWayne Dedmon,2013,28.49,82.00,83.50,88.00,109.00,32.50,141.50,28.00,137.00,239.00,8.40,9.00,11.00,12.75,3.40
262,Jackie Carmichael,2013,28.49,79.50,81.00,85.50,107.00,32.00,139.00,30.00,137.00,241.00,5.80,9.00,10.25,11.83,3.35
263,James Southerland,2013,28.49,79.00,80.00,85.00,106.00,32.00,138.00,29.00,135.00,221.00,8.10,8.00,9.50,10.90,3.38
264,Kenny Kadji,2013,28.49,80.75,82.00,87.00,106.50,38.00,144.50,34.00,140.50,242.00,7.50,9.00,10.25,11.47,3.44
265,Myck Kabongo,2013,28.49,73.25,74.75,78.25,98.00,33.50,131.50,27.50,125.50,180.00,6.00,8.25,9.00,10.64,3.34
266,Norvel Pelle,2013,28.49,81.50,82.50,86.50,109.00,34.50,143.50,31.00,140.00,207.00,5.20,8.75,9.50,11.49,3.32
267,Phil Pressey,2013,28.49,69.50,71.50,74.25,92.00,38.50,130.50,33.00,125.00,177.00,4.70,7.75,9.75,10.86,3.13
268,Richard Howell,2013,28.49,78.25,79.50,82.25,105.50,35.50,138.17,29.58,132.62,250.00,8.80,8.75,9.50,11.33,3.30
269,Robert Covington,2013,28.49,78.25,79.50,85.75,106.00,36.00,142.00,29.50,135.50,209.00,4.70,9.00,8.50,11.69,3.34
270,Seth Curry,2013,28.49,73.00,75.00,76.00,97.50,35.50,138.17,29.58,132.62,179.00,9.60,8.00,8.25,11.33,3.30
271,Trevor Mbakwe,2013,28.49,78.75,80.00,88.00,106.50,36.50,143.00,30.00,136.50,236.00,5.90,9.50,11.50,12.01,3.32
272,Vander Blue,2013,28.49,75.50,77.25,78.00,100.50,37.50,138.00,28.00,128.50,197.00,4.60,8.50,9.50,10.40,3.14
273,Will Clyburn,2013,28.49,77.75,79.00,84.25,105.00,34.50,139.50,28.00,133.00,210.00,6.90,9.25,10.25,11.68,3.38
274,Elfrid Payton,2014,10.00,74.50,75.75,80.00,98.50,35.50,134.00,31.50,130.00,185.00,5.70,8.75,9.00,11.06,3.23
275,Doug McDermott,2014,11.00,78.25,79.75,81.25,103.00,36.50,139.50,28.50,131.50,218.00,7.10,8.75,9.75,11.10,3.29
276,Zach LaVine,2014,13.00,76.50,77.75,80.25,100.00,41.50,141.50,33.50,133.50,181.00,4.70,8.25,8.75,10.42,3.19
277,T.J. Warren,2014,14.00,79.00,80.25,82.25,104.00,35.50,139.50,27.00,131.00,220.00,8.00,8.75,9.00,11.10,3.26
278,Adreian Payne,2014,15.00,81.00,81.75,88.00,109.00,35.50,138.17,29.58,132.62,239.00,7.60,9.25,9.50,11.33,3.30
279,James Young,2014,17.00,77.25,78.75,84.00,104.00,35.50,139.50,28.00,132.00,213.00,5.10,9.00,9.50,11.33,3.30
280,Tyler Ennis,2014,18.00,73.00,74.50,79.25,98.00,36.00,134.00,29.00,127.00,182.00,6.20,8.25,8.75,11.12,3.30
281,Gary Harris,2014,19.00,74.50,76.50,78.75,96.00,35.50,138.17,29.58,132.62,205.00,4.60,8.50,9.50,11.33,3.30
282,Jordan Adams,2014,22.00,75.50,76.75,82.00,102.00,29.50,131.50,24.50,126.50,209.00,10.80,8.50,7.50,12.13,3.50
283,Rodney Hood,2014,23.00,79.25,80.50,80.50,103.00,36.00,139.00,29.00,132.00,208.00,7.50,8.50,8.50,11.21,3.38
284,Shabazz Napier,2014,24.00,71.00,73.00,75.25,93.00,37.50,130.50,30.50,123.50,175.00,7.40,8.25,8.50,11.60,3.20
285,P.J. Hairston,2014,26.00,76.25,77.25,81.00,101.00,37.00,138.00,32.00,133.00,229.00,8.20,8.75,9.75,11.12,3.32
286,C.J. Wilcox,2014,28.00,75.50,77.00,81.75,100.50,37.50,138.00,31.00,131.50,201.00,6.50,8.75,9.00,11.30,3.22
287,Kyle Anderson,2014,30.00,79.50,80.50,86.75,107.50,35.50,138.17,29.58,132.62,230.00,13.40,8.25,8.75,11.33,3.30
288,K.J. McDaniels,2014,32.00,76.50,78.00,83.25,102.00,37.00,139.00,33.00,135.00,196.00,4.50,8.75,9.75,12.71,3.10
289,Joe Harris,2014,33.00,76.75,78.25,78.00,100.00,33.50,133.50,28.50,128.50,215.00,6.20,8.50,9.75,11.11,3.31
290,Cleanthony Early,2014,34.00,78.00,79.25,82.75,101.50,40.00,141.50,34.00,135.50,209.00,4.50,8.50,9.00,11.15,3.18
291,Jarnell Stokes,2014,35.00,79.00,80.50,85.25,103.50,36.00,139.50,31.00,134.50,263.00,8.20,9.75,10.50,11.92,3.26
292,Johnny O'Bryant,2014,36.00,79.25,80.50,86.25,105.00,35.50,140.50,31.00,136.00,257.00,10.80,9.25,9.50,11.57,3.45
293,DeAndre Daniels,2014,37.00,79.25,80.50,86.00,106.50,32.00,138.50,26.50,133.00,196.00,3.90,9.25,10.50,11.46,3.44
294,Spencer Dinwiddie,2014,38.00,76.50,78.00,80.25,103.00,35.50,138.17,29.58,132.62,205.00,5.40,8.25,9.00,11.33,3.30
295,Jerami Grant,2014,39.00,78.50,79.75,86.75,107.00,35.50,138.17,29.58,132.62,214.00,3.80,9.25,9.25,11.33,3.30
296,Aaron Gordon,2014,4.00,79.50,80.75,83.75,105.00,39.00,144.00,32.50,137.50,220.00,5.10,8.75,10.50,10.81,3.27
297,Glenn Robinson,2014,40.00,77.50,78.75,82.00,100.50,41.50,142.00,36.50,137.00,211.00,5.10,9.00,9.50,11.22,3.15
298,Nick Johnson,2014,42.00,73.50,75.00,79.25,96.50,41.50,138.00,33.50,130.00,198.00,6.10,8.75,9.75,10.80,3.27
299,Markel Brown,2014,44.00,74.50,75.50,80.75,100.00,43.50,143.50,36.50,136.50,184.00,4.20,8.25,9.75,12.62,3.18
300,Dwight Powell,2014,45.00,81.50,83.00,84.50,105.00,35.00,140.00,28.50,133.50,234.00,6.20,9.00,9.25,11.28,3.20
301,Jordan Clarkson,2014,46.00,75.25,77.00,80.00,98.00,38.50,136.50,33.00,131.00,186.00,4.30,8.25,9.00,10.76,3.28
302,Russ Smith,2014,47.00,71.50,72.75,75.50,95.00,34.00,129.00,29.50,124.50,160.00,3.50,8.25,8.50,11.57,3.27
303,Lamar Patterson,2014,48.00,76.00,77.25,83.00,101.00,32.50,133.50,27.50,128.50,226.00,10.80,9.00,9.25,11.63,3.45
304,Cameron Bairstow,2014,49.00,80.75,81.75,84.75,107.00,33.50,140.50,31.00,138.00,252.00,8.70,8.75,9.00,11.39,3.37
305,Dante Exum,2014,5.00,76.50,78.00,81.50,103.00,34.50,137.50,31.50,134.50,196.00,6.40,8.50,9.50,10.75,3.19
306,Alec Brown,2014,50.00,84.25,85.25,85.50,109.00,30.00,139.00,27.00,136.00,231.00,7.70,9.25,8.75,12.05,3.48
307,Thanasis Antetokounmpo,2014,51.00,77.25,78.25,84.00,104.50,39.50,144.00,31.50,136.00,205.00,6.10,9.00,9.75,11.39,3.18
308,Semaj Christon,2014,55.00,73.50,75.25,78.50,99.00,36.50,135.50,30.50,129.50,186.00,5.30,8.50,8.25,11.55,3.32
309,Devyn Marble,2014,56.00,77.00,78.50,81.00,102.00,35.00,137.00,29.00,131.00,192.00,6.90,8.25,8.50,11.32,3.28
310,Jordan McRae,2014,58.00,75.75,77.25,84.50,104.00,34.50,138.50,27.50,131.50,179.00,5.20,8.75,8.50,11.07,3.39
311,Xavier Thames,2014,59.00,74.25,75.50,76.00,96.00,32.50,128.50,29.00,125.00,187.00,6.40,8.25,9.00,11.48,3.48
312,Marcus Smart,2014,6.00,74.00,75.25,81.25,99.00,36.00,135.00,33.00,132.00,227.00,10.60,9.00,8.75,10.82,3.26
313,Cory Jefferson,2014,60.00,79.75,81.00,84.50,105.00,37.50,142.50,33.00,138.00,218.00,5.30,8.75,9.75,12.63,3.36
314,Julius Randle,2014,7.00,79.75,81.00,84.00,105.50,35.50,141.00,29.00,134.50,250.00,9.40,8.75,8.25,11.45,3.27
315,Nik Stauskas,2014,8.00,77.25,78.50,79.75,102.00,35.50,137.50,29.00,131.00,207.00,12.10,8.50,8.50,10.79,3.27
316,Noah Vonleh,2014,9.00,80.00,81.50,88.25,108.00,37.00,145.00,31.00,139.00,247.00,7.30,9.75,11.75,11.45,3.28
317,Aaron Craft,2014,28.49,72.75,73.75,74.00,94.50,32.00,126.50,29.00,123.50,192.00,6.10,7.75,8.50,10.78,3.26
318,Alex Kirk,2014,28.49,81.25,82.75,87.50,109.50,31.50,141.00,28.50,138.00,252.00,13.60,9.25,10.50,11.20,3.48
319,C.J. Fair,2014,28.49,78.50,80.00,81.50,104.00,35.00,139.00,27.00,131.00,218.00,5.10,9.00,9.00,11.00,3.32
320,DeAndre Kane,2014,28.49,74.75,76.50,80.00,99.00,35.50,134.50,31.50,130.50,200.00,5.00,8.25,9.00,10.95,3.16
321,Deonte Burton,2014,28.49,72.00,73.25,79.00,97.50,39.50,137.00,29.00,126.50,193.00,7.70,8.25,8.00,11.28,3.28
322,Isaiah Austin,2014,28.49,83.50,84.50,88.50,112.50,29.50,142.00,26.50,139.00,220.00,7.50,8.75,8.75,11.00,3.55
323,Jabari Brown,2014,28.49,75.00,76.25,80.25,100.00,32.00,132.00,28.00,128.00,202.00,6.10,9.00,9.25,11.60,3.50
324,Jahii Carson,2014,28.49,69.75,71.00,74.00,93.00,43.50,136.50,33.50,126.50,180.00,6.50,7.50,8.75,11.26,3.24
325,James McAdoo,2014,28.49,79.50,80.75,86.25,106.50,34.00,140.50,29.50,136.00,228.00,6.20,9.25,9.00,11.61,3.28
326,Jordan Bachynski,2014,28.49,85.25,86.00,88.00,108.50,33.00,141.50,29.00,137.50,254.00,7.50,9.25,10.00,12.15,3.36
327,Kendall Williams,2014,28.49,74.25,75.75,77.50,99.00,33.00,132.00,27.00,126.00,183.00,7.20,8.00,7.75,10.83,3.30
328,Khem Birch,2014,28.49,79.50,81.25,85.00,107.00,35.50,142.50,30.50,137.50,209.00,6.00,9.00,8.50,11.60,3.26
329,LaQuinton Ross,2014,28.49,78.50,79.50,85.75,106.00,31.00,137.00,25.00,131.00,239.00,16.30,8.75,9.75,11.97,3.44
330,Melvin Ejim,2014,28.49,77.25,79.00,83.25,103.50,35.00,138.50,29.50,133.00,219.00,6.50,8.75,9.25,11.55,3.14
331,Patric Young,2014,28.49,80.50,82.00,85.75,103.50,37.50,141.00,32.00,135.50,247.00,5.50,9.25,9.50,11.18,3.43
332,Sean Kilpatrick,2014,28.49,74.50,76.25,79.00,99.00,35.50,138.17,29.58,132.62,219.00,9.20,9.00,9.00,11.33,3.30
333,Justise Winslow,2015,10.00,76.50,78.50,82.25,104.50,35.50,138.17,29.58,132.62,222.00,5.30,8.50,9.25,11.33,3.30
334,Myles Turner,2015,11.00,81.75,83.50,88.00,112.00,35.50,138.17,29.58,132.62,239.00,9.30,9.25,9.25,11.33,3.30
335,Trey Lyles,2015,12.00,81.00,82.25,85.50,108.00,35.50,138.17,29.58,132.62,241.00,12.10,9.25,10.25,11.33,3.30
336,Devin Booker,2015,13.00,76.50,77.75,80.25,102.50,34.50,137.00,27.50,130.00,206.00,8.30,8.75,9.00,10.22,3.28
337,Cameron Payne,2015,14.00,72.75,73.50,79.25,97.50,35.50,133.00,30.00,127.50,183.00,6.30,8.50,8.25,10.89,3.28
338,Kelly Oubre,2015,15.00,77.75,78.75,86.25,102.50,37.00,139.50,34.50,137.00,203.00,5.70,9.00,8.75,11.10,3.32
339,Terry Rozier,2015,16.00,72.75,74.25,80.25,98.50,38.00,136.50,33.00,131.50,190.00,5.60,8.25,8.75,10.88,3.15
340,Rashad Vaughn,2015,17.00,75.75,77.00,79.00,101.00,34.00,135.00,28.00,129.00,199.00,6.20,8.00,8.50,11.41,3.21
341,Sam Dekker,2015,18.00,79.75,81.00,83.50,106.00,34.50,140.50,25.50,131.50,219.00,7.50,8.50,9.25,10.71,3.28
342,Jerian Grant,2015,19.00,75.25,76.25,79.50,100.00,35.50,138.17,29.58,132.62,198.00,5.60,8.25,8.50,11.33,3.30
343,D'Angelo Russell,2015,2.00,75.25,77.00,81.75,102.00,35.50,138.17,29.58,132.62,193.00,8.30,8.75,9.75,11.33,3.30
344,Delon Wright,2015,20.00,76.25,77.50,79.50,101.50,31.00,132.50,29.50,131.00,181.00,6.60,8.00,8.50,11.21,3.29
345,Justin Anderson,2015,21.00,77.25,78.25,83.75,101.00,43.00,144.00,38.00,139.00,231.00,5.00,8.50,9.50,11.10,3.22
346,Bobby Portis,2015,22.00,81.50,82.50,86.00,108.50,31.50,140.00,25.00,133.50,246.00,8.90,9.50,9.25,11.71,3.56
347,Rondae Hollis-Jefferson,2015,23.00,77.50,79.00,86.00,104.00,38.00,142.00,32.00,136.00,211.00,5.00,8.75,9.75,10.51,3.12
348,Tyus Jones,2015,24.00,72.25,74.00,77.00,97.00,32.50,129.50,26.50,123.50,185.00,6.50,8.25,8.75,11.89,3.32
349,Jarell Martin,2015,25.00,80.00,81.25,81.75,106.50,34.50,141.00,28.50,135.00,239.00,10.10,8.25,9.50,11.12,3.27
350,Larry Nance,2015,27.00,79.50,80.50,85.50,108.00,37.50,145.50,29.00,137.00,227.00,6.40,9.00,9.75,10.89,3.25
351,R.J. Hunter,2015,28.00,76.50,78.00,82.50,104.00,33.50,137.50,27.50,131.50,185.00,6.00,8.50,8.25,10.97,3.26
352,Chris McCullough,2015,29.00,80.25,81.00,87.25,109.00,35.50,138.17,29.58,132.62,199.00,6.20,8.75,8.75,11.33,3.30
353,Kevon Looney,2015,30.00,80.00,81.25,87.50,110.00,35.50,138.17,29.58,132.62,222.00,11.90,9.50,9.25,11.33,3.30
354,Montrezl Harrell,2015,32.00,79.00,79.50,88.25,109.00,35.50,138.17,29.58,132.62,253.00,11.90,9.00,9.75,11.33,3.30
355,Jordan Mickey,2015,33.00,79.00,80.25,87.25,106.00,37.50,143.50,33.00,139.00,238.00,7.20,8.75,9.50,11.80,3.28
356,Anthony Brown,2015,34.00,77.25,80.50,83.25,104.50,34.50,139.00,27.50,132.00,211.00,6.10,8.50,9.00,11.06,3.18
357,Rakeem Christmas,2015,36.00,80.25,81.75,89.25,110.50,35.50,138.17,29.00,139.50,243.00,9.60,9.25,9.50,11.57,3.47
358,Richaun Holmes,2015,37.00,80.25,81.50,85.50,108.00,36.00,144.00,32.50,140.50,243.00,8.80,8.50,8.50,11.37,3.32
359,Pat Connaughton,2015,41.00,76.00,77.25,80.75,96.00,44.00,140.00,37.50,133.50,215.00,10.20,8.50,9.25,10.74,3.20
360,Olivier Hanlan,2015,42.00,75.25,76.25,78.50,100.00,34.00,134.00,28.00,128.00,186.00,4.30,8.00,8.75,11.36,3.25
361,Joseph Young,2015,43.00,72.75,74.00,77.00,94.50,40.50,135.00,34.50,129.00,182.00,4.10,8.25,7.50,10.74,3.25
362,Andrew Harrison,2015,44.00,76.50,77.50,81.00,100.00,33.00,133.00,26.50,126.50,213.00,5.90,8.25,9.25,11.16,3.34
363,Marcus Thornton,2015,45.00,73.75,74.75,79.75,97.50,43.00,140.50,34.50,132.00,177.00,5.30,8.25,8.50,10.96,3.02
364,Norman Powell,2015,46.00,75.00,76.25,82.75,102.50,40.50,143.00,32.50,135.00,215.00,6.40,9.25,9.00,10.76,3.20
365,Dakari Johnson,2015,48.00,83.00,83.75,86.00,112.00,25.00,137.00,22.50,134.50,265.00,14.90,9.25,10.50,11.50,3.62
366,Aaron White,2015,49.00,79.75,80.75,83.50,106.50,35.00,141.50,30.00,136.50,220.00,8.00,8.25,9.25,11.62,3.38
367,Tyler Harvey,2015,51.00,74.75,76.00,77.50,98.50,28.50,127.00,26.00,124.50,181.00,9.20,7.75,8.75,10.52,3.44
368,Branden Dawson,2015,56.00,77.50,78.75,83.00,105.00,34.50,139.50,28.50,133.50,230.00,5.80,9.00,8.75,12.37,3.20
369,J.P. Tokoto,2015,58.00,77.25,78.25,82.00,100.50,40.00,140.50,34.50,135.00,196.00,4.10,8.00,8.75,11.01,3.27
370,Willie Cauley-Stein,2015,6.00,83.25,84.50,87.00,111.00,35.50,138.17,29.58,132.62,242.00,6.30,9.50,9.00,11.33,3.30
371,Stanley Johnson,2015,8.00,77.00,78.50,83.50,102.00,35.50,138.17,29.58,132.62,242.00,7.50,9.00,9.00,11.33,3.30
372,Frank Kaminsky,2015,9.00,83.75,84.75,83.00,109.50,35.50,138.17,29.58,132.62,231.00,9.40,8.50,9.50,11.33,3.30
373,Aaron Harrison,2015,28.49,76.50,78.00,80.25,100.50,34.50,135.00,28.50,129.00,209.00,6.00,8.30,10.00,11.33,3.27
374,Alan Williams,2015,28.49,79.25,80.25,85.75,106.50,28.50,135.00,25.50,132.00,261.00,12.00,8.50,9.50,12.07,3.50
375,Brandon Ashley,2015,28.49,79.25,80.50,87.25,105.00,35.50,140.50,31.50,136.50,228.00,8.80,9.00,9.50,11.30,3.58
376,Chasson Randle,2015,28.49,72.75,73.50,79.00,96.50,39.50,136.00,33.50,130.00,179.00,4.50,8.50,9.50,10.61,3.20
377,Chris Walker,2015,28.49,80.75,81.25,86.75,108.00,37.00,145.00,30.50,138.50,208.00,5.10,9.00,9.00,11.32,3.35
378,Christian Wood,2015,28.49,81.25,82.50,87.25,111.50,35.50,138.17,29.58,132.62,216.00,14.70,9.25,10.75,11.33,3.30
379,Cliff Alexander,2015,28.49,79.25,80.50,87.50,109.50,35.50,138.17,29.58,132.62,239.00,5.80,9.50,10.25,11.33,3.30
380,Corey Hawkins,2015,28.49,72.75,73.75,80.00,99.50,34.00,133.50,28.50,128.00,192.00,5.50,8.30,9.00,10.97,3.51
381,Dez Wells,2015,28.49,75.00,76.00,81.50,100.50,39.00,139.50,31.50,132.00,209.00,8.10,8.75,9.75,10.75,3.20
382,George De Paula,2015,28.49,76.50,77.50,84.00,104.00,34.00,138.00,28.00,132.00,197.00,6.70,9.50,10.00,11.38,3.45
383,Jonathan Holmes,2015,28.49,80.25,81.25,83.50,107.50,31.00,138.50,25.50,133.00,242.00,7.20,8.25,9.50,10.97,3.51
384,Keifer Sykes,2015,28.49,70.50,71.75,74.00,93.00,43.00,136.00,34.00,127.00,167.00,5.00,8.50,9.50,10.50,3.13
385,Michael Frazier,2015,28.49,75.75,76.25,80.00,101.50,35.00,136.50,24.00,125.50,199.00,7.40,8.25,9.25,10.80,3.32
386,Michael Qualls,2015,28.49,76.00,77.00,84.25,104.50,39.50,144.00,34.00,138.50,201.00,4.00,9.00,10.25,11.88,3.30
387,Mouhammadou Jaiteh,2015,28.49,81.50,82.50,87.25,110.50,31.50,142.00,24.50,135.00,247.00,9.90,9.00,9.25,12.05,3.38
388,Quinn Cook,2015,28.49,72.25,74.00,76.00,96.50,31.00,127.50,24.50,121.00,179.00,6.70,7.50,8.25,11.28,3.38
389,Robert Upshaw,2015,28.49,82.75,84.00,89.50,113.00,35.50,138.17,29.58,132.62,258.00,12.50,10.00,11.00,11.33,3.30
390,Ryan Boatright,2015,28.49,70.00,71.00,72.50,92.50,41.00,133.50,32.00,124.50,170.00,6.60,7.50,8.75,10.79,3.26
391,T.J. McConnell,2015,28.49,72.50,74.00,74.00,96.50,31.50,128.00,26.00,122.50,188.00,7.30,7.50,7.00,10.84,3.30
392,TaShawn Thomas,2015,28.49,79.25,80.00,86.00,108.00,30.50,138.50,26.00,134.00,240.00,12.40,9.00,9.25,11.69,3.47
393,Terran Petteway,2015,28.49,76.75,78.00,83.25,104.50,31.00,135.50,25.00,129.50,209.00,4.90,8.25,8.25,10.96,3.32
394,Treveon Graham,2015,28.49,76.75,77.75,82.50,103.00,31.50,134.50,28.50,131.50,219.00,5.50,8.50,8.25,11.60,3.30
395,Vince Hunter,2015,28.49,78.75,79.50,83.00,104.50,37.50,142.00,33.50,138.00,208.00,4.60,9.00,8.75,11.33,3.26
396,Thon Maker,2016,10.00,83.75,84.75,87.00,110.50,36.50,147.00,32.00,142.50,216.00,6.10,8.75,9.50,11.15,3.33
397,Taurean Prince,2016,12.00,78.50,79.75,83.50,102.00,36.00,138.00,34.00,136.00,220.00,6.50,9.00,8.50,10.96,3.24
398,Denzel Valentine,2016,14.00,76.00,77.75,82.75,102.00,32.00,134.00,27.00,129.00,210.00,9.20,8.50,9.75,10.51,3.46
399,Justin Jackson,2016,15.00,79.00,80.25,82.75,103.50,34.50,138.00,29.50,133.00,193.00,7.60,8.75,8.75,11.32,3.26
400,Wade Baldwin,2016,17.00,74.50,76.00,83.25,100.00,38.00,138.00,32.50,132.50,202.00,5.20,9.00,9.75,10.45,3.19
401,Henry Ellenson,2016,18.00,82.00,83.50,86.25,108.00,35.50,138.17,29.58,132.62,242.00,11.20,8.50,9.75,11.33,3.30
402,Malik Beasley,2016,19.00,75.50,76.50,79.00,100.50,35.50,138.17,29.58,132.62,190.00,6.90,8.50,9.00,11.33,3.30
403,Caris LeVert,2016,20.00,77.75,79.00,82.00,101.00,35.50,138.17,29.58,132.62,191.00,7.60,8.50,9.25,11.33,3.30
404,DeAndre Bembry,2016,21.00,76.25,77.75,81.25,101.00,38.00,139.00,32.00,133.00,207.00,7.00,8.00,9.25,10.90,3.17
405,Malachi Richardson,2016,22.00,76.75,78.25,84.00,101.50,38.00,139.50,33.00,134.50,200.00,7.00,8.75,10.00,10.56,3.33
406,Brice Johnson,2016,25.00,81.00,82.50,84.50,106.50,38.00,144.50,33.50,140.00,209.00,7.50,9.00,8.25,11.88,3.20
407,Caleb Swanigan,2016,26.00,79.50,80.50,87.50,107.00,29.00,136.00,26.00,133.00,247.00,12.60,9.00,10.25,12.80,3.30
408,Pascal Siakam,2016,27.00,80.25,81.50,87.25,107.50,36.50,144.00,30.50,138.00,227.00,5.20,9.25,10.00,11.25,3.41
409,Skal Labissiere,2016,28.00,82.50,83.75,86.50,105.50,35.50,138.17,29.58,132.62,216.00,5.70,8.75,9.00,11.33,3.30
410,Jaylen Brown,2016,3.00,77.25,78.75,83.75,102.50,35.50,138.17,29.58,132.62,223.00,5.10,8.75,9.00,11.33,3.30
411,Damian Jones,2016,30.00,82.25,83.50,87.75,107.00,37.00,144.00,36.00,143.00,244.00,6.60,8.75,10.50,11.35,3.20
412,Josh Hart,2016,30.00,76.00,77.50,80.50,99.50,38.50,138.00,29.50,129.00,204.00,5.80,8.50,9.25,11.15,3.20
413,Deyonta Davis,2016,31.00,81.25,82.50,86.50,108.50,35.50,138.17,29.58,132.62,237.00,9.70,9.00,9.25,11.33,3.30
414,Cheick Diallo,2016,33.00,79.50,81.00,88.50,107.50,35.00,142.50,31.00,138.50,219.00,5.60,8.50,9.75,11.24,3.26
415,Tyler Ulis,2016,34.00,68.75,70.00,74.00,88.50,38.00,126.50,32.50,121.00,149.00,5.20,7.50,7.50,10.80,3.20
416,Malcolm Brogdon,2016,36.00,75.75,77.50,82.50,98.00,35.50,133.50,30.50,128.50,223.00,5.40,9.00,10.25,10.77,3.31
417,Chinanu Onuaku,2016,37.00,81.00,82.00,86.75,108.50,33.50,142.00,27.50,136.00,245.00,8.60,9.00,8.00,11.65,3.50
418,Patrick McCaw,2016,38.00,77.25,78.75,82.00,100.50,38.00,138.50,30.00,130.50,181.00,4.70,8.75,8.75,11.01,3.30
419,Diamond Stone,2016,40.00,81.00,82.25,86.75,108.50,29.50,138.00,27.00,135.50,254.00,12.90,8.50,7.75,12.02,3.50
420,Stephen Zimmerman,2016,41.00,82.25,83.75,87.25,108.50,31.00,139.50,26.00,134.50,234.00,11.20,9.00,9.00,12.08,3.43
421,Isaiah Whitehead,2016,42.00,75.25,76.50,80.75,100.00,35.50,135.50,27.50,127.50,210.00,9.30,8.50,8.75,11.65,3.34
422,Zhou Qi,2016,43.00,85.25,86.25,91.75,112.50,32.00,144.50,31.50,144.00,218.00,4.90,9.25,9.50,11.27,3.46
423,Demetrius Jackson,2016,45.00,72.00,73.25,77.50,93.00,43.50,136.50,37.50,130.50,194.00,6.50,8.25,9.00,10.81,3.25
424,Jake Layman,2016,47.00,80.00,81.25,81.25,102.00,39.50,141.50,33.00,135.00,209.00,7.10,8.25,9.25,11.35,3.24
425,Michael Gbinije,2016,49.00,77.50,78.75,79.50,101.00,37.50,138.50,33.50,134.50,205.00,5.40,8.00,9.00,11.00,3.12
427,Georges Niang,2016,50.00,78.75,80.50,82.00,103.00,31.00,134.00,25.00,128.00,231.00,10.10,9.25,9.25,11.64,3.49
428,Ben Bentil,2016,51.00,79.25,80.25,85.50,105.00,33.00,138.00,29.00,134.00,229.00,9.70,9.50,10.00,11.16,3.30
429,Joel Bolomboy,2016,52.00,79.50,81.00,85.75,103.50,40.50,144.00,37.50,141.00,224.00,5.20,9.00,10.25,10.26,3.17
430,Kay Felder,2016,54.00,68.25,69.50,74.50,88.50,44.00,132.50,35.50,124.00,177.00,5.80,8.25,8.50,11.52,3.15
431,Marcus Paige,2016,55.00,72.50,73.75,78.25,97.00,39.50,136.50,33.50,130.50,164.00,4.30,7.75,8.75,10.82,3.15
432,Daniel Hamilton,2016,56.00,78.25,80.00,81.00,103.50,29.00,132.50,26.00,129.50,197.00,6.00,9.00,8.50,11.48,3.40
433,Isaiah Cousins,2016,59.00,75.25,76.50,78.25,98.50,37.00,135.50,30.50,129.00,194.00,4.80,8.25,8.75,10.79,3.24
434,Jaron Blossomgame,2016,59.00,78.25,79.25,82.00,102.00,41.00,143.00,35.00,137.00,214.00,5.30,8.50,10.00,11.53,3.20
435,Buddy Hield,2016,6.00,75.75,77.00,81.25,101.00,35.50,138.17,29.58,132.62,212.00,6.10,8.50,9.00,11.33,3.30
436,Marquese Chriss,2016,8.00,80.75,82.00,84.25,105.00,38.50,143.50,32.50,137.50,233.00,8.50,9.00,9.00,11.93,3.26
437,Jakob Poeltl,2016,9.00,84.25,85.00,86.75,111.50,35.50,138.17,29.58,132.62,239.00,5.80,9.25,10.25,11.33,3.30
438,A.J. English,2016,28.49,74.00,75.00,82.00,98.50,35.50,134.00,29.50,128.00,182.00,5.30,8.75,8.50,12.27,3.28
439,Cat Barber,2016,28.49,73.50,74.75,77.50,95.50,35.50,138.17,29.58,132.62,173.00,4.50,8.00,8.50,11.33,3.30
440,Dedric Lawson,2016,28.49,79.00,80.00,86.50,106.50,28.00,134.50,22.50,129.00,225.00,11.10,9.50,9.50,12.48,3.65
441,Dorian Finney-Smith,2016,28.49,78.50,79.75,83.75,105.50,35.50,141.00,32.50,138.00,213.00,6.50,9.00,9.75,11.01,3.27
442,Elgin Cook,2016,28.49,77.00,78.25,82.00,100.50,35.50,138.17,29.58,132.62,210.00,6.40,8.50,10.25,11.33,3.30
443,Gary Payton II,2016,28.49,74.00,75.00,80.00,99.50,38.50,138.00,31.50,131.00,184.00,4.00,8.75,9.50,11.57,3.23
444,Isaiah Miles,2016,28.49,78.75,79.75,82.50,105.00,31.50,136.50,24.00,129.00,220.00,9.60,9.00,9.50,11.76,3.39
445,Jarrod Uthoff,2016,28.49,80.50,81.75,83.50,104.00,34.50,138.50,29.00,133.00,214.00,6.00,8.75,9.00,11.52,3.50
446,Kyle Wiltjer,2016,28.49,80.75,82.00,84.25,102.50,35.50,138.00,28.50,131.00,243.00,15.30,8.25,9.50,11.35,3.48
447,Malik Newman,2016,28.49,74.25,75.50,77.75,97.50,35.50,133.00,30.00,127.50,182.00,5.60,8.25,9.25,10.88,3.28
448,Marcus Lee,2016,28.49,81.00,82.25,87.00,107.50,35.50,143.00,28.50,136.00,211.00,5.40,9.00,9.00,11.68,3.25
449,Melo Trimble,2016,28.49,73.25,74.50,74.00,92.50,35.50,128.00,26.50,119.00,192.00,8.40,8.00,8.75,10.57,3.20
450,Nigel Hayes,2016,28.49,78.25,79.25,87.00,107.50,28.50,136.00,25.50,133.00,245.00,10.90,8.50,9.50,12.11,3.20
451,Perry Ellis,2016,28.49,79.00,80.25,82.25,102.00,38.00,140.00,32.00,134.00,218.00,4.60,8.00,8.50,10.73,3.13
452,Robert Carter,2016,28.49,78.75,80.50,87.25,106.50,30.50,137.00,24.50,131.00,251.00,12.50,8.75,9.50,11.97,3.65
453,Ron Baker,2016,28.49,75.25,76.25,81.75,97.50,35.50,133.00,30.00,127.50,212.00,7.90,8.75,9.50,10.77,3.45
454,Sheldon McClellan,2016,28.49,77.00,78.25,79.00,99.50,41.50,141.00,35.00,134.50,198.00,4.80,8.00,8.00,10.45,3.26
455,Troy Williams,2016,28.49,77.75,78.75,80.25,102.00,36.00,138.00,30.00,132.00,218.00,10.00,8.25,9.25,10.72,3.35
456,Wayne Selden,2016,28.49,76.25,77.75,82.50,101.00,35.50,138.17,29.58,132.62,232.00,7.30,9.00,9.25,11.33,3.30
457,Zach Collins,2017,10.00,82.25,84.00,85.00,111.00,35.50,138.17,29.58,132.62,232.00,8.90,8.75,9.25,11.33,3.30
458,Luke Kennard,2017,12.00,76.50,77.50,77.25,98.50,35.50,138.17,29.58,132.62,196.00,6.60,8.00,8.75,11.33,3.30
459,Donovan Mitchell,2017,13.00,73.25,75.00,82.00,97.00,40.50,137.50,36.50,133.50,211.00,5.90,8.50,9.50,11.53,3.01
460,Bam Adebayo,2017,14.00,80.75,81.75,86.75,108.00,38.50,146.50,33.50,141.50,243.00,5.20,9.50,8.75,11.94,3.24
461,Justin Patton,2017,16.00,82.00,83.25,87.00,111.50,30.50,142.00,26.00,137.50,229.00,7.80,8.75,9.75,11.80,3.46
462,D.J. Wilson,2017,17.00,80.75,82.50,87.00,109.50,35.50,138.17,29.58,132.62,234.00,6.40,9.25,10.25,11.33,3.30
463,T.J. Leaf,2017,18.00,80.75,81.75,83.00,107.00,34.50,141.50,29.00,136.00,222.00,6.80,8.50,9.50,11.55,3.27
464,John Collins,2017,19.00,80.25,81.50,83.25,106.50,37.50,144.00,33.00,139.50,225.00,5.40,9.00,10.00,11.66,3.27
465,Harry Giles,2017,20.00,81.25,82.50,87.25,109.50,32.50,142.00,27.00,136.50,232.00,5.20,9.50,10.75,11.08,3.34
466,Terrance Ferguson,2017,21.00,77.50,79.00,80.75,103.00,38.00,141.00,28.50,131.50,184.00,5.80,8.50,10.00,11.16,3.32
467,Jarrett Allen,2017,22.00,81.00,82.25,89.25,109.50,35.50,145.00,31.50,141.00,234.00,7.40,9.50,10.50,11.82,3.21
468,OG Anunoby,2017,23.00,78.25,79.75,86.25,107.50,35.50,138.17,29.58,132.62,232.00,6.80,9.25,9.50,11.33,3.30
469,Tyler Lydon,2017,24.00,80.25,81.50,84.00,107.50,33.50,141.00,29.50,137.00,215.00,13.60,8.75,8.75,11.68,3.46
470,Kyle Kuzma,2017,27.00,80.00,81.50,84.25,107.50,34.00,141.50,27.00,134.50,223.00,9.40,8.50,9.50,10.72,3.25
471,Tony Bradley,2017,28.00,81.25,82.75,89.00,112.50,27.50,140.00,24.50,137.00,249.00,12.00,9.50,9.50,11.79,3.44
472,Derrick White,2017,29.00,75.25,76.50,79.50,101.50,36.50,138.00,35.50,137.00,190.00,6.20,8.25,8.50,10.84,3.08
473,Frank Jackson,2017,31.00,74.00,75.50,79.50,98.00,42.00,140.00,35.50,133.50,202.00,6.70,8.25,9.00,10.94,3.14
474,Davon Reed,2017,32.00,76.50,77.50,84.00,102.00,36.00,138.00,28.50,130.50,206.00,6.50,9.25,9.50,11.37,3.34
475,Wesley Iwundu,2017,33.00,77.50,78.75,85.00,105.50,36.00,141.50,31.50,137.00,193.00,4.00,8.75,9.50,11.25,3.36
476,Frank Mason,2017,34.00,71.00,72.00,75.25,94.00,41.00,135.00,34.00,128.00,189.00,4.30,8.00,9.25,11.41,3.18
477,Ivan Rabb,2017,35.00,80.75,82.00,85.50,109.00,32.50,141.50,28.50,137.50,220.00,6.80,8.75,9.00,12.68,3.35
478,Semi Ojeleye,2017,37.00,77.25,78.75,81.75,102.00,40.50,142.50,35.00,137.00,241.00,5.50,8.75,9.50,10.58,3.16
479,Jordan Bell,2017,38.00,79.00,80.50,83.75,104.50,38.00,142.50,31.50,136.00,224.00,5.40,9.25,9.50,10.63,3.21
480,Jawun Evans,2017,39.00,70.75,71.50,77.50,95.00,33.50,128.50,27.50,122.50,185.00,9.10,8.00,7.75,11.34,3.21
481,Dwayne Bacon,2017,40.00,76.75,78.25,82.00,103.50,36.50,140.00,30.00,133.50,222.00,7.90,8.75,10.00,11.70,3.22
482,Tyler Dorsey,2017,41.00,75.00,76.50,77.25,99.50,36.00,135.50,30.50,130.00,183.00,4.70,8.50,9.25,10.55,3.16
483,Thomas Bryant,2017,42.00,81.50,82.75,90.00,112.50,33.00,145.50,25.50,138.00,248.00,9.40,9.50,10.25,11.42,3.37
484,Damyean Dotson,2017,44.00,76.50,77.50,81.00,100.00,38.00,138.00,31.50,131.50,205.00,5.30,8.50,9.25,11.18,3.13
485,Dillon Brooks,2017,45.00,77.00,78.00,78.00,100.50,37.50,138.00,31.00,131.50,220.00,7.50,8.25,9.25,11.14,3.21
486,Ike Anigbogu,2017,47.00,80.50,81.75,90.25,110.50,32.50,143.00,29.50,140.00,252.00,5.40,9.50,10.00,12.52,3.44
487,Sindarius Thornwell,2017,48.00,75.50,76.75,82.00,103.00,30.50,133.50,27.00,130.00,212.00,7.80,8.75,8.75,11.48,3.36
488,De'Aaron Fox,2017,5.00,74.00,75.25,78.50,100.00,35.50,138.17,29.58,132.62,170.00,4.50,8.50,8.50,11.33,3.30
489,Monte Morris,2017,51.00,73.25,74.50,76.00,96.50,33.50,130.00,28.00,124.50,175.00,6.90,8.25,8.75,11.00,3.19
490,Edmond Sumner,2017,52.00,76.00,77.75,81.00,102.50,35.50,138.17,29.58,132.62,176.00,8.30,8.25,9.00,11.33,3.30
491,Kadeem Allen,2017,53.00,73.00,74.25,81.25,99.50,35.50,135.00,33.00,132.50,192.00,6.40,8.50,8.75,11.24,3.15
492,Alec Peters,2017,54.00,79.25,80.75,82.75,105.00,35.50,138.17,29.58,132.62,232.00,8.80,8.75,10.00,11.33,3.30
493,Nigel Williams-Goss,2017,55.00,73.50,75.00,79.25,99.00,34.50,133.50,27.50,126.50,190.00,5.60,8.75,9.25,10.42,3.19
494,Andrew Jones,2017,28.49,75.00,76.25,78.50,99.50,35.00,134.50,27.00,126.50,185.00,4.90,8.50,9.00,11.38,3.35
495,Cameron Oliver,2017,28.49,79.00,80.25,85.25,106.50,39.50,146.00,28.00,134.50,239.00,7.70,9.50,10.25,12.17,3.16
496,Chris Boucher,2017,28.49,80.00,81.50,88.00,110.50,35.50,138.17,29.58,132.62,182.00,5.40,9.25,10.50,11.33,3.30
497,Derrick Walton,2017,28.49,71.00,72.75,74.50,95.00,32.50,127.50,26.00,121.00,189.00,5.80,8.00,8.50,11.28,3.29
498,Devin Robinson,2017,28.49,79.00,80.25,84.75,106.00,41.50,147.50,35.50,141.50,190.00,3.20,9.25,10.25,12.85,3.23
499,Eric Mika,2017,28.49,80.50,81.75,82.00,106.50,32.00,138.50,29.00,135.50,233.00,6.50,8.25,8.75,11.71,3.38
500,Hamidou Diallo,2017,28.49,75.75,77.00,83.25,101.50,44.50,146.00,34.50,136.00,197.00,5.20,8.50,9.50,10.88,3.11
501,Isaiah Briscoe,2017,28.49,73.25,74.75,81.00,99.50,33.50,133.00,28.00,127.50,222.00,11.00,9.00,9.25,10.95,3.38
502,Isaiah Hicks,2017,28.49,79.25,80.50,84.50,105.00,37.00,142.00,31.50,136.50,233.00,7.70,8.75,9.75,12.31,3.36
503,Jamel Artis,2017,28.49,77.50,78.75,82.00,105.00,31.00,136.00,23.50,128.50,213.00,11.90,9.25,9.75,11.62,3.44
505,Jonathan Jeanne,2017,28.49,84.75,86.00,90.50,113.50,31.50,145.00,29.00,142.50,207.00,8.70,9.50,10.00,12.61,3.36
506,Justin Jackson (Canada),2017,28.49,77.75,79.00,87.25,107.00,31.50,138.50,26.50,133.50,219.00,8.10,9.00,9.50,11.78,3.43
507,Kennedy Meeks,2017,28.49,80.75,82.25,85.00,106.00,30.50,136.50,28.00,134.00,277.00,11.50,8.75,8.75,12.91,3.50
508,Kobi Simmons,2017,28.49,75.25,76.50,78.00,99.00,38.50,137.50,30.50,129.50,166.00,5.00,8.50,9.50,11.15,3.18
509,Moritz Wagner,2017,28.49,82.00,83.25,84.00,108.00,32.50,140.50,25.50,133.50,231.00,6.70,8.75,10.75,12.00,3.35
510,Omer Yurtseven,2017,28.49,82.50,83.75,85.00,108.50,31.50,140.00,26.00,134.50,248.00,7.60,9.00,10.50,12.85,3.45
511,P.J. Dozier,2017,28.49,77.25,78.75,83.00,101.00,39.00,140.00,34.00,135.00,201.00,6.10,8.50,9.50,10.84,3.15
512,Peter Jok,2017,28.49,76.25,77.75,80.00,102.00,31.00,133.00,26.50,128.50,202.00,11.00,8.25,9.50,11.34,3.41
513,Rawle Alkins,2017,28.49,74.50,75.75,80.75,99.00,40.50,139.50,31.50,130.50,223.00,11.00,8.75,10.00,11.99,3.30
514,Sviatoslav Mykhailiuk,2017,28.49,78.50,79.50,77.00,100.00,33.00,133.00,27.00,127.00,220.00,11.40,8.00,9.25,12.40,3.53
515,Thomas Welsh,2017,28.49,83.50,84.50,84.00,109.50,35.50,138.17,29.58,132.62,254.00,10.90,9.00,10.50,11.33,3.30
516,V.J. Beachem,2017,28.49,78.25,80.00,82.25,104.50,37.00,141.50,30.00,134.50,193.00,6.80,8.50,9.00,11.18,3.26
